scorer,semihg,semihg,semihg,semihg,semihg,semihg,semihg,semihg,semihg,semihg,semihg,semihg
bodyparts,mouth,mouth,left-front-paw,left-front-paw,right-front-paw,right-front-paw,left-back-paw,left-back-paw,right-back-paw,right-back-paw,tail,tail
coords,x,y,x,y,x,y,x,y,x,y,x,y
labeled-data/G6AE1_100_27_1_control_S3T12/img000.png,140.11098192137,106.86880132330569,26.282027040022314,120.64809586157412,110.15599379469957,114.65709823624002,,,,,,
labeled-data/G6AE1_100_27_1_control_S3T12/img001.png,,,,,,,,,,,,
labeled-data/G6AE1_100_27_1_control_S3T12/img002.png,,,,,,,,,,,,
labeled-data/G6AE1_100_27_1_control_S3T12/img003.png,,,,,,,,,,,,
labeled-data/G6AE1_100_27_1_control_S3T12/img004.png,,,,,,,,,,,,
labeled-data/G6AE1_100_27_1_control_S3T12/img005.png,,,,,,,,,,,,
labeled-data/G6AE1_100_27_1_control_S3T12/img006.png,,,,,,,,,,,,
labeled-data/G6AE1_100_27_1_control_S3T12/img007.png,,,,,,,,,,,,
labeled-data/G6AE1_100_27_1_control_S3T12/img008.png,,,,,,,,,,,,
labeled-data/G6AE1_100_27_1_control_S3T12/img009.png,,,,,,,,,,,,
labeled-data/G6AE1_100_27_1_control_S3T12/img010.png,,,,,,,,,,,,
labeled-data/G6AE1_100_27_1_control_S3T12/img011.png,,,,,,,,,,,,
labeled-data/G6AE1_100_27_1_control_S3T12/img012.png,,,,,,,,,,,,
labeled-data/G6AE1_100_27_1_control_S3T12/img013.png,182.4795877833031,109.2338555323837,110.89484692674702,107.39047164766552,116.42499858090157,122.13754272541097,25.26615427418801,123.13281630381869,,,,
labeled-data/G6AE1_100_27_1_control_S3T12/img014.png,,,,,,,,,,,,
labeled-data/G6AE1_100_27_1_control_S3T12/img015.png,,,,,,,,,,,,
labeled-data/G6AE1_100_27_1_control_S3T12/img016.png,188.24714826276923,108.06686175906327,132.55852110543296,110.16831938764199,109.96785159821164,121.726336344825,14.7493566112542,121.02945677123193,,,,
labeled-data/G6AE1_100_27_1_control_S3T12/img017.png,,,,,,,,,,,,
labeled-data/G6AE1_100_27_1_control_S3T12/img018.png,,,,,,,,,,,,
labeled-data/G6AE1_100_27_1_control_S3T12/img019.png,,,,,,,,,,,,
labeled-data/G6AE1_100_27_1_control_S3T12/img020.png,,,,,,,,,,,,
labeled-data/G6AE1_100_27_1_control_S3T12/img021.png,204.0517145440635,106.30594004312456,151.4677262293942,106.30594004312456,111.5038951102456,121.02945677123193,18.9560756764277,118.92609723864518,,,,
labeled-data/G6AE1_100_27_1_control_S3T12/img022.png,,,,,,,,,,,,
labeled-data/G6AE1_100_27_1_control_S3T12/img023.png,,,,,,,,,,,,
labeled-data/G6AE1_100_27_1_control_S3T12/img024.png,,,,,,,,,,,,
labeled-data/G6AE1_100_27_1_control_S3T12/img025.png,,,,,,,,,,,,
labeled-data/G6AE1_100_27_1_control_S3T12/img026.png,214.56851220699735,102.09922097795106,174.6046810878487,106.30594004312456,115.71061417541915,123.13281630381869,21.05943520901451,118.92609723864518,16.85271614384095,95.7891423801907,,
labeled-data/G6AE1_100_27_1_control_S3T12/img027.png,,,,,,,,,,,,
labeled-data/G6AE1_100_27_1_control_S3T12/img028.png,,,,,,,,,,,,
labeled-data/G6AE1_100_27_1_control_S3T12/img029.png,,,,,,,,,,,,
labeled-data/G6AE1_100_27_1_control_S3T12/img030.png,220.96962481124416,101.2465675455918,194.27384132884202,108.27177372517133,112.7814496457197,120.91714484841441,,,,,,
labeled-data/G6AE1_100_27_1_control_S3T12/img031.png,,,,,,,,,,,,
labeled-data/G6AE1_100_27_1_control_S3T12/img032.png,,,,,,,,,,,,
labeled-data/G6AE1_100_27_1_control_S3T12/img033.png,227.27740053950853,101.46509692160794,213.37214143578436,108.64200484611072,117.38099794555959,122.5472639498349,69.83398294572862,114.02468578948782,25.87542190814905,120.75303696870918,5.690368370484954,77.24303267641102
labeled-data/G6AE1_100_27_1_control_S3T12/img034.png,,,,,,,,,,,,
labeled-data/G6AE1_100_27_1_control_S3T12/img035.png,,,,,,,,,,,,
labeled-data/G6AE1_100_27_1_control_S3T12/img036.png,230.80491346265552,99.84152630967583,212.53937739574877,111.08185619700305,114.18649088163562,119.51210361249855,73.44029504007443,116.70202114066672,22.858810547101996,120.91714484841441,3.1882332442793597,61.90541293994647
labeled-data/G6AE1_100_27_1_control_S3T12/img037.png,,,,,,,,,,,,
labeled-data/G6AE1_100_27_1_control_S3T12/img038.png,,,,,,,,,,,,
labeled-data/G6AE1_100_27_1_control_S3T12/img039.png,,,,,,,,,,,,
labeled-data/G6AE1_100_27_1_control_S3T12/img040.png,246.26036705773043,101.2465675455918,227.9948309908237,118.10706237658258,122.61673829713101,113.89193866883488,83.27558369148579,122.32218608433027,24.263851783017856,113.89193866883488,8.80839818794297,59.09533046811475
labeled-data/G6AE1_100_27_1_control_S3T12/img041.png,,,,,,,,,,,,
labeled-data/G6AE1_100_27_1_control_S3T12/img042.png,,,,,,,,,,,,
labeled-data/G6AE1_100_27_1_control_S3T12/img043.png,,,,,,,,,,,,
labeled-data/G6AE1_100_27_1_control_S3T12/img044.png,,,,,,,,,,,,
labeled-data/G6AE1_100_27_1_control_S3T12/img045.png,260.31077941688943,105.4616912533395,227.9948309908237,122.32218608433027,153.5276454872809,111.08185619700305,86.08566616331757,119.51210361249855,24.263851783017856,112.48689743291902,24.263851783017856,53.475165524451086
labeled-data/G6AE1_100_27_1_control_S3T12/img046.png,,,,,,,,,,,,
labeled-data/G6AE1_100_27_1_control_S3T12/img047.png,,,,,,,,,,,,
labeled-data/G6AE1_100_27_1_control_S3T12/img048.png,,,,,,,,,,,,
labeled-data/G6AE1_100_27_1_control_S3T12/img049.png,,,,,,,,,,,,
labeled-data/G6AE1_100_27_1_control_S3T12/img050.png,274.36119177604843,106.86673248925536,230.80491346265552,122.32218608433027,194.27384132884202,113.89193866883488,84.68062492740165,119.51210361249855,50.95963526542005,99.84152630967583,38.31426414217691,57.69028923219878
labeled-data/G6AE1_100_27_1_control_S3T12/img051.png,,,,,,,,,,,,
labeled-data/G6AE1_100_27_1_control_S3T12/img052.png,,,,,,,,,,,,
labeled-data/G6AE1_100_27_1_control_S3T12/img053.png,,,,,,,,,,,,
labeled-data/G6AE1_100_27_1_control_S3T12/img054.png,,,,,,,,,,,,
labeled-data/G6AE1_100_27_1_control_S3T12/img055.png,292.6267278429552,105.4616912533395,223.779707283076,123.72722732024624,225.1847485189919,102.65160878150766,83.27558369148579,95.62640260192813,81.87054245556988,123.72722732024624,53.769717737251824,59.09533046811475
labeled-data/G6AE1_100_27_1_control_S3T12/img056.png,,,,,,,,,,,,
labeled-data/G6AE1_100_27_1_control_S3T12/img057.png,,,,,,,,,,,,
labeled-data/G6AE1_100_27_1_control_S3T12/img058.png,,,,,,,,,,,,
labeled-data/G6AE1_100_27_1_control_S3T12/img059.png,,,,,,,,,,,,
labeled-data/G6AE1_100_27_1_control_S3T12/img060.png,308.7123948543337,106.55535280873306,232.50076044713504,122.57435876693407,255.80113274997288,103.64280627087834,93.18395105308389,119.66181222907935,114.54262566401857,108.01162607766042,63.57306125156084,56.556637242226884
labeled-data/G6AE1_100_27_1_control_S3T12/img061.png,,,,,,,,,,,,
labeled-data/G6AE1_100_27_1_control_S3T12/img062.png,,,,,,,,,,,,
labeled-data/G6AE1_100_27_1_control_S3T12/img063.png,315.9937611989705,104.12823069385414,236.38415583094132,122.57435876693407,273.2764119771012,106.06992838575727,95.12564874498705,119.66181222907935,133.9596025830501,113.3512947303941,70.36900317322187,57.52748608817845
labeled-data/G6AE1_100_27_1_control_S3T12/img064.png,,,,,,,,,,,,
labeled-data/G6AE1_100_27_1_control_S3T12/img065.png,,,,,,,,,,,,
labeled-data/G6AE1_100_27_1_control_S3T12/img066.png,,,,,,,,,,,,
labeled-data/G6AE1_100_27_1_control_S3T12/img067.png,328.614796196341,103.15738184790254,235.89873140796556,122.0889343439583,285.8974469744717,102.67195742492677,94.15479989903548,119.66181222907935,159.68709700076684,110.43874819253938,81.533764901665,63.83800358686369
labeled-data/G6AE1_100_27_1_control_S3T12/img068.png,,,,,,,,,,,,
labeled-data/G6AE1_100_27_1_control_S3T12/img069.png,,,,,,,,,,,,
labeled-data/G6AE1_100_27_1_control_S3T12/img070.png,331.5273427341957,102.67195742492677,235.41330698498976,122.57435876693407,294.1496621650601,104.6136551168299,93.66937547605968,119.66181222907935,169.3955854602826,111.89502146146674,88.8151312463018,66.75055012471844
labeled-data/G6AE1_100_27_1_control_S3T12/img071.png,,,,,,,,,,,,
labeled-data/G6AE1_100_27_1_control_S3T12/img072.png,,,,,,,,,,,,
labeled-data/G6AE1_100_27_1_control_S3T12/img073.png,337.3524358099052,100.24483531004782,235.41330698498976,121.1180854980067,305.3144238935032,105.0990795398057,190.75426007121726,114.80756799932146,91.72767778415653,117.23469011420042,94.64022432201125,66.26512570174265
labeled-data/G6AE1_100_27_1_control_S3T12/img074.png,,,,,,,,,,,,
labeled-data/G6AE1_100_27_1_control_S3T12/img075.png,,,,,,,,,,,,
labeled-data/G6AE1_100_27_1_control_S3T12/img076.png,344.1483777315662,100.24483531004782,235.41330698498976,121.6035099209825,310.6540925462369,107.04077723170886,206.2878416064425,119.17638780610355,93.18395105308389,118.69096338312778,102.89243951259965,65.29427685579108
labeled-data/G6AE1_100_27_1_control_S3T12/img077.png,,,,,,,,,,,,
labeled-data/G6AE1_100_27_1_control_S3T12/img078.png,350.94431965322724,99.27398646409625,234.92788256201396,121.6035099209825,318.9063077368252,108.49705050063622,203.86071949156354,119.66181222907935,92.69852663010812,117.23469011420042,108.7175325883091,68.2068233936458
labeled-data/G6AE1_100_27_1_control_S3T12/img079.png,,,,,,,,,,,,
labeled-data/G6AE1_100_27_1_control_S3T12/img080.png,,,,,,,,,,,,
labeled-data/G6AE1_100_27_1_control_S3T12/img081.png,356.7694127289367,99.75941088707202,236.38415583094132,118.69096338312778,330.07106946526835,109.95332376956358,215.51090564298246,120.63266107503091,95.61107316796284,115.29299242229726,118.42602104782486,67.72139897067001
labeled-data/G6AE1_100_27_1_control_S3T12/img082.png,,,,,,,,,,,,
labeled-data/G6AE1_100_27_1_control_S3T12/img083.png,,,,,,,,,,,,
labeled-data/G6AE1_100_27_1_control_S3T12/img084.png,364.05077907357355,100.24483531004782,241.72382448367503,117.23469011420042,337.837860232881,115.77841684527303,217.4526033348856,120.63266107503091,97.55277085986597,113.3512947303941,125.7073873924617,67.72139897067001
labeled-data/G6AE1_100_27_1_control_S3T12/img085.png,,,,,,,,,,,,
labeled-data/G6AE1_100_27_1_control_S3T12/img086.png,366.9633256114283,99.75941088707202,249.97603967426338,112.8658703074183,338.32328465585675,118.69096338312778,215.99633006595823,122.0889343439583,98.52361970581757,111.40959703849094,126.1928118154375,64.32342800983949
labeled-data/G6AE1_100_27_1_control_S3T12/img087.png,,,,,,,,,,,,
labeled-data/G6AE1_100_27_1_control_S3T12/img088.png,372.30299426416195,100.24483531004782,264.538772363537,112.8658703074183,338.8087090788326,122.0889343439583,217.4526033348856,121.6035099209825,97.55277085986597,111.40959703849094,129.590782776268,61.89630589496056
labeled-data/G6AE1_100_27_1_control_S3T12/img089.png,376.587179342586,100.52650729363887,275.0535949723086,111.80801666811416,336.77008743267334,121.0986714470938,218.64604809993227,119.7714350500967,104.50371795818243,111.80801666811416,134.366536890617,62.70026997922179
labeled-data/G6AE1_100_27_1_control_S3T12/img090.png,,,,,,,,,,,,
labeled-data/G6AE1_100_27_1_control_S3T12/img091.png,,,,,,,,,,,,
labeled-data/G6AE1_100_27_1_control_S3T12/img092.png,383.88697952607004,101.85374369063595,295.6257591257635,115.12610766060689,339.4245602266675,122.42590784409089,215.99157530593806,120.43505324859524,126.40311850863445,97.87203449964471,139.67548247860532,61.37303358222471
labeled-data/G6AE1_100_27_1_control_S3T12/img093.png,,,,,,,,,,,,
labeled-data/G6AE1_100_27_1_control_S3T12/img094.png,,,,,,,,,,,,
labeled-data/G6AE1_100_27_1_control_S3T12/img095.png,390.5231615110555,103.18098008763309,320.8432506687082,111.14439846961562,340.7517966236646,121.0986714470938,218.64604809993227,119.10781685159816,146.31166446359077,99.86288909514036,148.30251905908642,62.03665178072322
labeled-data/G6AE1_100_27_1_control_S3T12/img096.png,,,,,,,,,,,,
labeled-data/G6AE1_100_27_1_control_S3T12/img097.png,397.15934349604095,102.51736188913452,333.4519964401806,107.8263074771229,338.7609420281689,121.76228964559235,218.64604809993227,121.76228964559235,160.91126483055882,96.54479810264763,151.62061005157915,61.37303358222471
labeled-data/G6AE1_100_27_1_control_S3T12/img098.png,,,,,,,,,,,,
labeled-data/G6AE1_100_27_1_control_S3T12/img099.png,,,,,,,,,,,,
labeled-data/G6AE1_100_27_1_control_S3T12/img100.png,,,,,,,,,,,,
labeled-data/G6AE1_100_27_1_control_S3T12/img101.png,403.13190728252783,102.51736188913452,349.3788332041457,108.48992567562144,335.4428510356762,121.0986714470938,208.02815692395552,120.43505324859524,173.52001060203116,82.60881593417815,158.92041023506317,64.02750637621887
labeled-data/G6AE1_100_27_1_control_S3T12/img102.png,,,,,,,,,,,,
labeled-data/G6AE1_100_27_1_control_S3T12/img103.png,,,,,,,,,,,,
labeled-data/G6AE1_100_27_1_control_S3T12/img104.png,411.09532566451037,103.18098008763309,358.0058697846268,103.8445982861316,338.7609420281689,122.42590784409089,214.0007207104424,120.43505324859524,187.4559927705006,92.56308891165634,170.20191960953844,66.01836097171451
labeled-data/G6AE1_100_27_1_control_S3T12/img105.png,,,,,,,,,,,,
labeled-data/G6AE1_100_27_1_control_S3T12/img106.png,415.07703485550167,103.18098008763309,365.9692881666093,102.51736188913452,335.4428510356762,123.08952604258943,209.3553933209526,119.10781685159816,203.3828295344657,92.56308891165634,169.53830141103987,65.35474277321595
labeled-data/G6AE1_100_27_1_control_S3T12/img107.png,,,,,,,,,,,,
labeled-data/G6AE1_100_27_1_control_S3T12/img108.png,418.3951258479944,103.18098008763309,373.93270654859185,103.18098008763309,336.77008743267334,120.43505324859524,210.68262971794968,121.0986714470938,215.32795710743954,104.50821648463017,180.81981078551513,70.00007016270581
labeled-data/G6AE1_100_27_1_control_S3T12/img109.png,,,,,,,,,,,,
labeled-data/G6AE1_100_27_1_control_S3T12/img110.png,,,,,,,,,,,,
labeled-data/G6AE1_100_27_1_control_S3T12/img111.png,,,,,,,,,,,,
labeled-data/G6AE1_100_27_1_control_S3T12/img112.png,427.0221624284755,102.51736188913452,392.51401610655114,105.83545288162725,333.4519964401806,123.08952604258943,212.00986611494682,117.11696225610251,227.9367028789119,101.19012549213744,186.1287563735035,66.68197917021303
labeled-data/G6AE1_100_27_1_control_S3T12/img113.png,,,,,,,,,,,,
labeled-data/G6AE1_100_27_1_control_S3T12/img114.png,,,,,,,,,,,,
labeled-data/G6AE1_100_27_1_control_S3T12/img115.png,432.9947262149624,102.51736188913452,394.50487070204673,105.17183468312868,336.10646923417477,118.44419865309962,212.00986611494682,119.7714350500967,239.88183045188572,103.8445982861316,194.7557929539846,64.69112457471743
labeled-data/G6AE1_100_27_1_control_S3T12/img116.png,427.685780626974,103.18098008763309,397.15934349604095,106.49907108012582,334.7792328371777,123.75314424108797,210.68262971794968,117.11696225610251,248.50886703236677,106.49907108012582,196.74664754948026,70.00007016270581
labeled-data/G6AE1_100_27_1_control_S3T12/img117.png,,,,,,,,,,,,
labeled-data/G6AE1_100_27_1_control_S3T12/img118.png,,,,,,,,,,,,
labeled-data/G6AE1_100_27_1_control_S3T12/img119.png,,,,,,,,,,,,
labeled-data/G6AE1_100_27_1_control_S3T12/img120.png,438.96729000144927,100.52650729363887,415.07703485550167,108.48992567562144,338.0973238296704,121.76228964559235,277.7080677663028,112.4716348666127,,,208.6917751224541,70.00007016270581
labeled-data/G6AE1_100_27_1_control_S3T12/img121.png,,,,,,,,,,,,
labeled-data/G6AE1_100_27_1_control_S3T12/img122.png,441.6217627954435,101.19012549213744,422.37683503898563,111.14439846961562,338.0973238296704,121.76228964559235,288.98957714077807,114.46248946210835,214.66433890894098,112.4716348666127,213.3371025119439,64.69112457471743
labeled-data/G6AE1_100_27_1_control_S3T12/img123.png,,,,,,,,,,,,
labeled-data/G6AE1_100_27_1_control_S3T12/img124.png,,,,,,,,,,,,
labeled-data/G6AE1_100_27_1_control_S3T12/img125.png,456.2213631624115,102.51736188913452,430.3402534209682,115.12610766060689,340.7517966236646,117.11696225610251,222.10926899826939,110.80688365834226,308.4268898026649,118.55670359019061,221.964139092425,66.01836097171451
labeled-data/G6AE1_100_27_1_control_S3T12/img126.png,461.4111837243578,103.45601735224233,439.4872047221095,117.84362857246774,340.1441748681722,115.10313119718668,220.43131418717388,118.48076641516201,304.42978250422385,114.56196635674439,224.35816076254858,67.82955147358894
labeled-data/G6AE1_100_27_1_control_S3T12/img127.png,,,,,,,,,,,,
labeled-data/G6AE1_100_27_1_control_S3T12/img128.png,,,,,,,,,,,,
labeled-data/G6AE1_100_27_1_control_S3T12/img129.png,,,,,,,,,,,,
labeled-data/G6AE1_100_27_1_control_S3T12/img130.png,,,,,,,,,,,,
labeled-data/G6AE1_100_27_1_control_S3T12/img131.png,,,,,,,,,,,,
labeled-data/G6AE1_100_27_1_control_S3T12/img132.png,,,,,,,,,,,,
labeled-data/G6AE1_100_27_1_control_S3T12/img133.png,473.74342191312235,104.14114169606256,431.26571259626644,121.26925029156902,373.7152677153648,109.62213644662461,301.09208727041744,121.95437463538929,231.20940420075115,108.93701210280437,238.745771982774,62.34855672302683
labeled-data/G6AE1_100_27_1_control_S3T12/img134.png,,,,,,,,,,,,
labeled-data/G6AE1_100_27_1_control_S3T12/img135.png,,,,,,,,,,,,
labeled-data/G6AE1_100_27_1_control_S3T12/img136.png,,,,,,,,,,,,
labeled-data/G6AE1_100_27_1_control_S3T12/img137.png,,,,,,,,,,,,
labeled-data/G6AE1_100_27_1_control_S3T12/img138.png,492.24177919626936,108.93701210280437,434.6913343153677,125.37999635449057,413.45247965693966,110.99238513426513,301.09208727041744,121.26925029156902,257.9292536097412,100.03039563314104,246.9672641086171,59.60805934774584
labeled-data/G6AE1_100_27_1_control_S3T12/img139.png,,,,,,,,,,,,
labeled-data/G6AE1_100_27_1_control_S3T12/img140.png,,,,,,,,,,,,
labeled-data/G6AE1_100_27_1_control_S3T12/img141.png,,,,,,,,,,,,
labeled-data/G6AE1_100_27_1_control_S3T12/img142.png,,,,,,,,,,,,
labeled-data/G6AE1_100_27_1_control_S3T12/img143.png,502.5186443535732,108.93701210280437,431.9508369400867,119.8990016039285,438.116956034469,97.28989825785999,306.57308202097954,123.32462332302978,287.3896003940123,96.60477391403975,260.66975098502223,63.03368106684712
labeled-data/G6AE1_100_27_1_control_S3T12/img144.png,,,,,,,,,,,,
labeled-data/G6AE1_100_27_1_control_S3T12/img145.png,,,,,,,,,,,,
labeled-data/G6AE1_100_27_1_control_S3T12/img146.png,,,,,,,,,,,,
labeled-data/G6AE1_100_27_1_control_S3T12/img147.png,,,,,,,,,,,,
labeled-data/G6AE1_100_27_1_control_S3T12/img148.png,511.4252608232365,108.93701210280437,433.32108562772714,119.8990016039285,449.76406987941334,99.34527128932075,299.0367142389567,117.15850422864747,303.8325846456985,89.75353047583718,270.26149179850586,63.03368106684712
labeled-data/G6AE1_100_27_1_control_S3T12/img149.png,,,,,,,,,,,,
labeled-data/G6AE1_100_27_1_control_S3T12/img150.png,,,,,,,,,,,,
labeled-data/G6AE1_100_27_1_control_S3T12/img151.png,,,,,,,,,,,,
labeled-data/G6AE1_100_27_1_control_S3T12/img152.png,,,,,,,,,,,,
labeled-data/G6AE1_100_27_1_control_S3T12/img153.png,524.4426233558214,106.88163907134361,431.26571259626644,119.21387726010823,464.1516810996387,99.34527128932075,325.07143930412644,93.8642765387587,305.88795767715925,119.21387726010823,279.8532326119895,63.71880541066736
labeled-data/G6AE1_100_27_1_control_S3T12/img154.png,,,,,,,,,,,,
labeled-data/G6AE1_100_27_1_control_S3T12/img155.png,,,,,,,,,,,,
labeled-data/G6AE1_100_27_1_control_S3T12/img156.png,,,,,,,,,,,,
labeled-data/G6AE1_100_27_1_control_S3T12/img157.png,,,,,,,,,,,,
labeled-data/G6AE1_100_27_1_control_S3T12/img158.png,531.293866794024,103.45601735224233,434.0062099715474,117.84362857246774,503.20376869739346,105.51139038370309,351.7912887131165,108.93701210280437,303.8325846456985,121.26925029156902,293.55571948839463,66.45930278594841
labeled-data/G6AE1_100_27_1_control_S3T12/img159.png,,,,,,,,,,,,
labeled-data/G6AE1_100_27_1_control_S3T12/img160.png,,,,,,,,,,,,
labeled-data/G6AE1_100_27_1_control_S3T12/img161.png,,,,,,,,,,,,
labeled-data/G6AE1_100_27_1_control_S3T12/img162.png,,,,,,,,,,,,
labeled-data/G6AE1_100_27_1_control_S3T12/img163.png,546.3666023580697,103.45601735224233,433.32108562772714,117.84362857246774,512.1103851670568,106.88163907134361,368.91939730862293,110.3072607904449,306.57308202097954,116.47337988482721,303.8325846456985,63.71880541066736
labeled-data/G6AE1_100_27_1_control_S3T12/img164.png,,,,,,,,,,,,
labeled-data/G6AE1_100_27_1_control_S3T12/img165.png,,,,,,,,,,,,
labeled-data/G6AE1_100_27_1_control_S3T12/img166.png,,,,,,,,,,,,
labeled-data/G6AE1_100_27_1_control_S3T12/img167.png,,,,,,,,,,,,
labeled-data/G6AE1_100_27_1_control_S3T12/img168.png,555.9583431715533,102.77089300842204,439.4872047221095,115.78825554100695,529.9236181063835,113.73288250954619,388.7880032794104,110.99238513426513,309.31357939626054,115.78825554100695,314.7945741468226,63.71880541066736
labeled-data/G6AE1_100_27_1_control_S3T12/img169.png,,,,,,,,,,,,
labeled-data/G6AE1_100_27_1_control_S3T12/img170.png,,,,,,,,,,,,
labeled-data/G6AE1_100_27_1_control_S3T12/img171.png,,,,,,,,,,,,
labeled-data/G6AE1_100_27_1_control_S3T12/img172.png,,,,,,,,,,,,
labeled-data/G6AE1_100_27_1_control_S3T12/img173.png,564.8649596412166,106.88163907134361,445.6533238164918,115.10313119718668,530.6087424502037,121.26925029156902,409.34173359401814,114.41800685336645,312.05407677154153,117.84362857246774,327.8119366794075,63.03368106684712
labeled-data/G6AE1_100_27_1_control_S3T12/img174.png,,,,,,,,,,,,
labeled-data/G6AE1_100_27_1_control_S3T12/img175.png,,,,,,,,,,,,
labeled-data/G6AE1_100_27_1_control_S3T12/img176.png,,,,,,,,,,,,
labeled-data/G6AE1_100_27_1_control_S3T12/img177.png,,,,,,,,,,,,
labeled-data/G6AE1_100_27_1_control_S3T12/img178.png,575.8269491423408,109.62213644662461,474.4285462569426,108.25188775898414,531.9789911378443,124.69487201067031,409.34173359401814,114.41800685336645,317.53507152210364,108.25188775898414,335.3483044614303,58.23781066010531
labeled-data/G6AE1_100_27_1_control_S3T12/img179.png,,,,,,,,,,,,
labeled-data/G6AE1_100_27_1_control_S3T12/img180.png,,,,,,,,,,,,
labeled-data/G6AE1_100_27_1_control_S3T12/img181.png,,,,,,,,,,,,
labeled-data/G6AE1_100_27_1_control_S3T12/img182.png,,,,,,,,,,,,
labeled-data/G6AE1_100_27_1_control_S3T12/img183.png,592.2699333940269,110.3072607904449,507.314514760315,113.73288250954619,527.8682450749227,120.58412594774876,416.87810137604095,118.52875291628797,340.1441748681722,100.03039563314104,349.7359156816557,54.12706459718379
labeled-data/G6AE1_100_27_1_control_S3T12/img184.png,,,,,,,,,,,,
labeled-data/G6AE1_100_27_1_control_S3T12/img185.png,,,,,,,,,,,,
labeled-data/G6AE1_100_27_1_control_S3T12/img186.png,,,,,,,,,,,,
labeled-data/G6AE1_100_27_1_control_S3T12/img187.png,,,,,,,,,,,,
labeled-data/G6AE1_100_27_1_control_S3T12/img188.png,605.2872959266118,110.3072607904449,542.9409806389684,110.99238513426513,532.6641154816646,121.26925029156902,422.35909612660305,121.95437463538929,377.8260137782863,93.8642765387587,365.49377558952165,65.08905409830788
labeled-data/G6AE1_100_27_1_control_S3T12/img189.png,,,,,,,,,,,,
labeled-data/G6AE1_100_27_1_control_S3T12/img190.png,,,,,,,,,,,,
labeled-data/G6AE1_100_27_1_control_S3T12/img191.png,,,,,,,,,,,,
labeled-data/G6AE1_100_27_1_control_S3T12/img192.png,,,,,,,,,,,,
labeled-data/G6AE1_100_27_1_control_S3T12/img193.png,611.4534150209942,108.25188775898414,561.4393379221153,112.36263382190566,536.0897372007659,122.63949897920952,425.0995935018841,122.63949897920952,399.7499927805345,97.28989825785999,371.659894683904,66.45930278594841
labeled-data/G6AE1_100_27_1_control_S3T12/img194.png,,,,,,,,,,,,
labeled-data/G6AE1_100_27_1_control_S3T12/img195.png,,,,,,,,,,,,
labeled-data/G6AE1_100_27_1_control_S3T12/img196.png,,,,,,,,,,,,
labeled-data/G6AE1_100_27_1_control_S3T12/img197.png,,,,,,,,,,,,
labeled-data/G6AE1_100_27_1_control_S3T12/img198.png,,,,,,,,,,,,
labeled-data/G6AE1_100_27_1_control_S3T12/img199.png,,,,,,,,,,,,
labeled-data/G6AE1_100_27_1_control_S3T12/img200.png,625.7813357154288,109.16140751569174,576.8118428178902,108.45170472007521,532.1005666940507,124.06516622363824,419.96752498664364,119.09724665432276,427.77425573842515,102.77408235514326,387.32119638828465,70.83745655240074
labeled-data/G6AE1_100_27_1_control_S3T12/img201.png,,,,,,,,,,,,
labeled-data/G6AE1_100_27_1_control_S3T12/img202.png,,,,,,,,,,,,
labeled-data/G6AE1_100_27_1_control_S3T12/img203.png,,,,,,,,,,,,
labeled-data/G6AE1_100_27_1_control_S3T12/img204.png,,,,,,,,,,,,
labeled-data/G6AE1_100_27_1_control_S3T12/img205.png,635.7171748540597,104.19348794637625,591.0058987302202,102.77408235514326,533.5199722852838,123.35546342802172,424.22574176034266,121.22635504117221,451.90415078938616,108.45170472007521,396.54733273129915,74.38597053048323
labeled-data/G6AE1_100_27_1_control_S3T12/img206.png,,,,,,,,,,,,
labeled-data/G6AE1_100_27_1_control_S3T12/img207.png,,,,,,,,,,,,
labeled-data/G6AE1_100_27_1_control_S3T12/img208.png,,,,,,,,,,,,
labeled-data/G6AE1_100_27_1_control_S3T12/img209.png,,,,,,,,,,,,
labeled-data/G6AE1_100_27_1_control_S3T12/img210.png,646.3627167883072,104.90319074199272,603.0708462557008,105.61289353760924,534.9393778765168,124.77486901925471,427.0645529428087,119.09724665432276,465.3885039060997,108.45170472007521,407.90257746116316,72.25686214363373
labeled-data/G6AE1_100_27_1_control_S3T12/img211.png,,,,,,,,,,,,
labeled-data/G6AE1_100_27_1_control_S3T12/img212.png,,,,,,,,,,,,
labeled-data/G6AE1_100_27_1_control_S3T12/img213.png,,,,,,,,,,,,
labeled-data/G6AE1_100_27_1_control_S3T12/img214.png,,,,,,,,,,,,
labeled-data/G6AE1_100_27_1_control_S3T12/img215.png,657.0082587225547,102.06437955952674,624.3619301241957,110.58081310692472,539.1975946502157,119.80694944993922,437.29557345172844,118.65439466765747,497.25707241664634,114.66302870290974,422.80633616910967,75.09567332609976
labeled-data/G6AE1_100_27_1_control_S3T12/img216.png,,,,,,,,,,,,
labeled-data/G6AE1_100_27_1_control_S3T12/img217.png,,,,,,,,,,,,
labeled-data/G6AE1_100_27_1_control_S3T12/img218.png,,,,,,,,,,,,
labeled-data/G6AE1_100_27_1_control_S3T12/img219.png,,,,,,,,,,,,
labeled-data/G6AE1_100_27_1_control_S3T12/img220.png,672.6217202261178,103.48378515075973,639.2656888321422,117.67784106308972,546.2946226063807,114.12932708500722,428.28516501728626,111.90936906692053,503.6898223928135,114.88445469624236,431.32276971650765,68.70834816555123
labeled-data/G6AE1_100_27_1_control_S3T12/img221.png,,,,,,,,,,,,
labeled-data/G6AE1_100_27_1_control_S3T12/img222.png,,,,,,,,,,,,
labeled-data/G6AE1_100_27_1_control_S3T12/img223.png,,,,,,,,,,,,
labeled-data/G6AE1_100_27_1_control_S3T12/img224.png,,,,,,,,,,,,
labeled-data/G6AE1_100_27_1_control_S3T12/img225.png,677.5896397954333,105.61289353760924,642.1045000146082,122.64576063240526,568.2954092704922,112.00021869815771,430.6356993974684,111.42109226463674,494.5488375962758,117.50183988537572,441.2586088551387,66.57923977870172
labeled-data/G6AE1_100_27_1_control_S3T12/img226.png,,,,,,,,,,,,
labeled-data/G6AE1_100_27_1_control_S3T12/img227.png,,,,,,,,,,,,
labeled-data/G6AE1_100_27_1_control_S3T12/img228.png,,,,,,,,,,,,
labeled-data/G6AE1_100_27_1_control_S3T12/img229.png,,,,,,,,,,,,
labeled-data/G6AE1_100_27_1_control_S3T12/img230.png,689.6545873209138,109.87111031130826,644.9433111970743,123.35546342802172,608.0387658250163,112.70992149377423,451.8416317194865,102.76838427038291,505.59180670157,120.78920113926728,453.3235563806192,65.15983418746873
labeled-data/G6AE1_100_27_1_control_S3T12/img231.png,,,,,,,,,,,,
labeled-data/G6AE1_100_27_1_control_S3T12/img232.png,,,,,,,,,,,,
labeled-data/G6AE1_100_27_1_control_S3T12/img233.png,,,,,,,,,,,,
labeled-data/G6AE1_100_27_1_control_S3T12/img234.png,,,,,,,,,,,,
labeled-data/G6AE1_100_27_1_control_S3T12/img235.png,697.4613180726952,107.74200192445875,639.9753916277588,121.93605783678873,518.6162135773372,118.38754385870624,471.7758290666482,104.19348794637625,460.4205843367842,63.03072580061922,,
labeled-data/G6AE1_100_27_1_control_S3T12/img236.png,,,,,,,,,,,,
labeled-data/G6AE1_100_27_1_control_S3T12/img237.png,,,,,,,,,,,,
labeled-data/G6AE1_100_27_1_control_S3T12/img238.png,,,,,,,,,,,,
labeled-data/G6AE1_100_27_1_control_S3T12/img239.png,,,,,,,,,,,,
labeled-data/G6AE1_100_27_1_control_S3T12/img240.png,715.2038879631078,104.90319074199272,640.6850944233753,121.93605783678873,660.5567727006373,105.61289353760924,500.1639408913082,99.22556837706071,515.0676995992546,124.77486901925471,471.7758290666482,65.86953698308525
labeled-data/G6AE1_100_27_1_control_S3T12/img241.png,,,,,,,,,,,,
labeled-data/G6AE1_100_27_1_control_S3T12/img242.png,,,,,,,,,,,,
labeled-data/G6AE1_100_27_1_control_S3T12/img243.png,,,,,,,,,,,,
labeled-data/G6AE1_100_27_1_control_S3T12/img244.png,,,,,,,,,,,,
labeled-data/G6AE1_100_27_1_control_S3T12/img245.png,723.0106187148893,106.32259633322576,639.2656888321422,123.35546342802172,679.7187481822828,104.90319074199272,527.1326471247353,107.03229912884223,515.7774023948712,114.83902988062374,480.2922626140462,67.99864536993476
labeled-data/G6AE1_100_27_1_control_S3T12/img246.png,,,,,,,,,,,,
labeled-data/G6AE1_100_27_1_control_S3T12/img247.png,,,,,,,,,,,,
labeled-data/G6AE1_100_27_1_control_S3T12/img248.png,,,,,,,,,,,,
labeled-data/G6AE1_100_27_1_control_S3T12/img249.png,,,,,,,,,,,,
labeled-data/G6AE1_100_27_1_control_S3T12/img250.png,737.9143774228359,107.03229912884223,640.6850944233753,119.80694944993922,703.1389404376273,108.45170472007521,552.6819477669292,107.74200192445875,517.9065107817207,120.51665224555575,494.4863185263762,66.57923977870172
labeled-data/G6AE1_100_27_1_control_S3T12/img251.png,,,,,,,,,,,,
labeled-data/G6AE1_100_27_1_control_S3T12/img252.png,,,,,,,,,,,,
labeled-data/G6AE1_100_27_1_control_S3T12/img253.png,,,,,,,,,,,,
labeled-data/G6AE1_100_27_1_control_S3T12/img254.png,,,,,,,,,,,,
labeled-data/G6AE1_100_27_1_control_S3T12/img255.png,746.440393640428,102.26254332713393,645.4045229190245,113.48875118506766,723.1861059347083,110.281263225658,576.4435317917173,111.88500720536285,520.3124925020487,115.09249516477246,509.8881566339674,69.38579174318511
labeled-data/G6AE1_100_27_1_control_S3T12/img256.png,,,,,,,,,,,,
labeled-data/G6AE1_100_27_1_control_S3T12/img257.png,,,,,,,,,,,,
labeled-data/G6AE1_100_27_1_control_S3T12/img258.png,,,,,,,,,,,,
labeled-data/G6AE1_100_27_1_control_S3T12/img259.png,,,,,,,,,,,,
labeled-data/G6AE1_100_27_1_control_S3T12/img260.png,761.6759614476239,105.47003128654353,648.6120108784341,116.69623914447732,736.8179297621991,116.69623914447732,592.4809715887656,111.08313521551042,515.5012605629342,111.88500720536285,522.718108471606,64.57455980407065
labeled-data/G6AE1_100_27_1_control_S3T12/img261.png,,,,,,,,,,,,
labeled-data/G6AE1_100_27_1_control_S3T12/img262.png,,,,,,,,,,,,
labeled-data/G6AE1_100_27_1_control_S3T12/img263.png,,,,,,,,,,,,
labeled-data/G6AE1_100_27_1_control_S3T12/img264.png,769.694681346148,105.47003128654353,651.0176268479914,112.68687919521523,751.2516255795426,123.11121506329658,612.5277713350758,116.69623914447732,521.1143644919011,115.09249516477246,532.3405723498349,65.37643179392308
labeled-data/G6AE1_100_27_1_control_S3T12/img265.png,,,,,,,,,,,,
labeled-data/G6AE1_100_27_1_control_S3T12/img266.png,,,,,,,,,,,,
labeled-data/G6AE1_100_27_1_control_S3T12/img267.png,,,,,,,,,,,,
labeled-data/G6AE1_100_27_1_control_S3T12/img268.png,778.5152732345246,110.281263225658,663.84757868563,112.68687919521523,740.0254177216088,122.30934307344415,620.5464912335999,119.10185511403449,520.3124925020487,112.68687919521523,541.1611642382113,67.7820477634803
labeled-data/G6AE1_100_27_1_control_S3T12/img269.png,,,,,,,,,,,,
labeled-data/G6AE1_100_27_1_control_S3T12/img270.png,,,,,,,,,,,,
labeled-data/G6AE1_100_27_1_control_S3T12/img271.png,,,,,,,,,,,,
labeled-data/G6AE1_100_27_1_control_S3T12/img272.png,,,,,,,,,,,,
labeled-data/G6AE1_100_27_1_control_S3T12/img273.png,792.1470970620155,112.68687919521523,699.9318182289884,110.281263225658,743.2329056810186,122.30934307344415,619.7446192437475,119.90372710388692,541.9630362280639,95.84756740831466,550.7836281164402,62.97081582436584
labeled-data/G6AE1_100_27_1_control_S3T12/img274.png,,,,,,,,,,,,
labeled-data/G6AE1_100_27_1_control_S3T12/img275.png,,,,,,,,,,,,
labeled-data/G6AE1_100_27_1_control_S3T12/img276.png,,,,,,,,,,,,
labeled-data/G6AE1_100_27_1_control_S3T12/img277.png,,,,,,,,,,,,
labeled-data/G6AE1_100_27_1_control_S3T12/img278.png,803.3733049199491,111.88500720536285,726.3935938941179,114.29062317492009,743.2329056810186,123.11121506329658,624.5558511828619,121.50747108359172,569.2266838830458,92.640079448905,562.009835974374,57.35771189539901
labeled-data/G6AE1_100_27_1_control_S3T12/img279.png,,,,,,,,,,,,
labeled-data/G6AE1_100_27_1_control_S3T12/img280.png,,,,,,,,,,,,
labeled-data/G6AE1_100_27_1_control_S3T12/img281.png,,,,,,,,,,,,
labeled-data/G6AE1_100_27_1_control_S3T12/img282.png,,,,,,,,,,,,
labeled-data/G6AE1_100_27_1_control_S3T12/img283.png,802.5714329300968,107.87564725610076,754.4591135389521,110.281263225658,743.2329056810186,122.30934307344415,631.7726990915336,125.51683103285382,588.4716116395035,88.63071949964296,576.4435317917173,71.79140771274234
labeled-data/G6AE1_100_27_1_control_S3T12/img284.png,,,,,,,,,,,,
labeled-data/G6AE1_100_27_1_control_S3T12/img285.png,,,,,,,,,,,,
labeled-data/G6AE1_100_27_1_control_S3T12/img286.png,,,,,,,,,,,,
labeled-data/G6AE1_100_27_1_control_S3T12/img287.png,,,,,,,,,,,,
labeled-data/G6AE1_100_27_1_control_S3T12/img288.png,821.0144886967021,111.08313521551042,771.2984253258528,111.08313521551042,743.2329056810186,123.11121506329658,630.9708271016812,121.50747108359172,610.924027355371,92.640079448905,583.6603797003891,73.3951516924472
labeled-data/G6AE1_100_27_1_control_S3T12/img289.png,,,,,,,,,,,,
labeled-data/G6AE1_100_27_1_control_S3T12/img290.png,,,,,,,,,,,,
labeled-data/G6AE1_100_27_1_control_S3T12/img291.png,,,,,,,,,,,,
labeled-data/G6AE1_100_27_1_control_S3T12/img292.png,,,,,,,,,,,,
labeled-data/G6AE1_100_27_1_control_S3T12/img293.png,831.4388245647835,106.27190327639596,784.9302491533438,110.281263225658,742.431033691166,124.71495904300139,628.565211132124,120.70559909373935,630.1689551118288,99.8569273575767,591.6790995989131,71.79140771274234
labeled-data/G6AE1_100_27_1_control_S3T12/img294.png,,,,,,,,,,,,
labeled-data/G6AE1_100_27_1_control_S3T12/img295.png,,,,,,,,,,,,
labeled-data/G6AE1_100_27_1_control_S3T12/img296.png,,,,,,,,,,,,
labeled-data/G6AE1_100_27_1_control_S3T12/img297.png,,,,,,,,,,,,
labeled-data/G6AE1_100_27_1_control_S3T12/img298.png,837.8538004836028,107.07377526624839,800.1658169605396,109.47939123580562,741.6291617013137,120.70559909373935,630.1689551118288,119.10185511403449,645.4045229190245,104.66815929669116,600.4996914872897,71.79140771274234
labeled-data/G6AE1_100_27_1_control_S3T12/img299.png,,,,,,,,,,,,
labeled-data/G6AE1_100_27_1_control_S3T12/img300.png,,,,,,,,,,,,
labeled-data/G6AE1_100_27_1_control_S3T12/img301.png,,,,,,,,,,,,
labeled-data/G6AE1_100_27_1_control_S3T12/img302.png,,,,,,,,,,,,
labeled-data/G6AE1_100_27_1_control_S3T12/img303.png,845.0706483922745,103.86628730683873,816.2032567575877,108.67751924595319,748.0441376201329,123.91308705314896,637.3858030205005,121.50747108359172,659.8382187363679,108.67751924595319,609.3202833756661,73.3951516924472
labeled-data/G6AE1_100_27_1_control_S3T12/img304.png,,,,,,,,,,,,
labeled-data/G6AE1_100_27_1_control_S3T12/img305.png,,,,,,,,,,,,
labeled-data/G6AE1_100_27_1_control_S3T12/img306.png,,,,,,,,,,,,
labeled-data/G6AE1_100_27_1_control_S3T12/img307.png,,,,,,,,,,,,
labeled-data/G6AE1_100_27_1_control_S3T12/img308.png,858.0297102519974,103.99705052240711,829.3835246834768,112.75005166834393,746.6278774855286,123.09450756808747,634.2021136497987,120.3314044116525,692.335590262371,107.52954986047342,628.0644983269297,76.14659233078987
labeled-data/G6AE1_100_27_1_control_S3T12/img309.png,,,,,,,,,,,,
labeled-data/G6AE1_100_27_1_control_S3T12/img310.png,,,,,,,,,,,,
labeled-data/G6AE1_100_27_1_control_S3T12/img311.png,,,,,,,,,,,,
labeled-data/G6AE1_100_27_1_control_S3T12/img312.png,,,,,,,,,,,,
labeled-data/G6AE1_100_27_1_control_S3T12/img313.png,865.8774782402602,104.51379784139226,843.1116872639907,115.89669332952701,749.4217013231889,119.39912271049155,708.2681560968556,117.64790802000925,636.4683537870824,119.39912271049155,630.3391023703944,69.48950403174678
labeled-data/G6AE1_100_27_1_control_S3T12/img314.png,,,,,,,,,,,,
labeled-data/G6AE1_100_27_1_control_S3T12/img315.png,,,,,,,,,,,,
labeled-data/G6AE1_100_27_1_control_S3T12/img316.png,,,,,,,,,,,,
labeled-data/G6AE1_100_27_1_control_S3T12/img317.png,,,,,,,,,,,,
labeled-data/G6AE1_100_27_1_control_S3T12/img318.png,,,,,,,,,,,,
labeled-data/G6AE1_100_27_1_control_S3T12/img319.png,881.6384104546007,110.64304925808017,838.7336505377849,122.02594474621498,780.0679584066288,114.14547863904471,640.628063521853,111.3356377778482,711.6186962021463,120.13537662854645,650.4780713109405,65.98707465078223
labeled-data/G6AE1_100_27_1_control_S3T12/img320.png,,,,,,,,,,,,
labeled-data/G6AE1_100_27_1_control_S3T12/img321.png,,,,,,,,,,,,
labeled-data/G6AE1_100_27_1_control_S3T12/img322.png,,,,,,,,,,,,
labeled-data/G6AE1_100_27_1_control_S3T12/img323.png,,,,,,,,,,,,
labeled-data/G6AE1_100_27_1_control_S3T12/img324.png,894.7725206332177,110.64304925808017,817.7190742519977,104.51379784139226,835.2312211568204,121.15033740097385,656.8028774015895,95.02564908708842,704.1126249782475,117.32135715118756,659.2341447633519,65.11146730554111
labeled-data/G6AE1_100_27_1_control_S3T12/img325.png,,,,,,,,,,,,
labeled-data/G6AE1_100_27_1_control_S3T12/img326.png,,,,,,,,,,,,
labeled-data/G6AE1_100_27_1_control_S3T12/img327.png,,,,,,,,,,,,
labeled-data/G6AE1_100_27_1_control_S3T12/img328.png,,,,,,,,,,,,
labeled-data/G6AE1_100_27_1_control_S3T12/img329.png,906.1554161213525,112.39426394856247,846.6141166449552,124.6527667819384,836.9824358473027,108.0162272223568,,,,,,
labeled-data/G6AE1_100_27_1_control_S3T12/img330.png,,,,,,,,,,,,
labeled-data/G6AE1_100_27_1_control_S3T12/img331.png,,,,,,,,,,,,
labeled-data/G6AE1_100_27_1_control_S3T12/img332.png,,,,,,,,,,,,
labeled-data/G6AE1_100_27_1_control_S3T12/img333.png,,,,,,,,,,,,
labeled-data/G6AE1_100_27_1_control_S3T12/img334.png,915.787096919005,108.89183456759793,837.8580431925438,118.52351536525043,859.7482268235723,106.2650125318745,697.7608679539619,94.88211704373975,720.5266589302315,122.02594474621498,675.8706843229336,66.86268199602335
labeled-data/G6AE1_100_27_1_control_S3T12/img335.png,,,,,,,,,,,,
labeled-data/G6AE1_100_27_1_control_S3T12/img336.png,,,,,,,,,,,,
labeled-data/G6AE1_100_27_1_control_S3T12/img337.png,,,,,,,,,,,,
labeled-data/G6AE1_100_27_1_control_S3T12/img338.png,,,,,,,,,,,,
labeled-data/G6AE1_100_27_1_control_S3T12/img339.png,927.1699924071398,107.14061987711563,842.2360799187495,122.02594474621498,882.5140177998418,105.38940518663338,726.6559103469194,107.14061987711563,718.7754442397493,122.02594474621498,685.5023651205861,65.11146730554111
labeled-data/G6AE1_100_27_1_control_S3T12/img340.png,,,,,,,,,,,,
labeled-data/G6AE1_100_27_1_control_S3T12/img341.png,,,,,,,,,,,,
labeled-data/G6AE1_100_27_1_control_S3T12/img342.png,,,,,,,,,,,,
labeled-data/G6AE1_100_27_1_control_S3T12/img343.png,,,,,,,,,,,,
labeled-data/G6AE1_100_27_1_control_S3T12/img344.png,935.9260658595512,107.14061987711563,843.9872946092318,122.02594474621498,893.8969132879765,104.51379784139226,740.8385548352012,103.95924652273959,716.7516720748836,122.02440859297775,694.9229345733457,69.33435255478304
labeled-data/G6AE1_100_27_1_control_S3T12/img345.png,,,,,,,,,,,,
labeled-data/G6AE1_100_27_1_control_S3T12/img346.png,,,,,,,,,,,,
labeled-data/G6AE1_100_27_1_control_S3T12/img347.png,,,,,,,,,,,,
labeled-data/G6AE1_100_27_1_control_S3T12/img348.png,,,,,,,,,,,,
labeled-data/G6AE1_100_27_1_control_S3T12/img349.png,947.8352035566802,104.7119616089995,843.9605216528107,122.77712367923766,921.4901755375829,108.47553704029912,757.3982867329195,108.47553704029912,719.7625324199232,121.27169350671784,708.4718061260244,71.59249781356283
labeled-data/G6AE1_100_27_1_control_S3T12/img350.png,,,,,,,,,,,,
labeled-data/G6AE1_100_27_1_control_S3T12/img351.png,,,,,,,,,,,,
labeled-data/G6AE1_100_27_1_control_S3T12/img352.png,,,,,,,,,,,,
labeled-data/G6AE1_100_27_1_control_S3T12/img353.png,,,,,,,,,,,,
labeled-data/G6AE1_100_27_1_control_S3T12/img354.png,957.6204996780592,106.9701068677793,846.2186669115905,125.03526893801745,936.5444772627814,110.73368229907891,793.5286108733958,116.00268790289834,722.020677678703,119.01354824793805,716.7516720748836,67.82892238226322
labeled-data/G6AE1_100_27_1_control_S3T12/img355.png,,,,,,,,,,,,
labeled-data/G6AE1_100_27_1_control_S3T12/img356.png,,,,,,,,,,,,
labeled-data/G6AE1_100_27_1_control_S3T12/img357.png,,,,,,,,,,,,
labeled-data/G6AE1_100_27_1_control_S3T12/img358.png,,,,,,,,,,,,
labeled-data/G6AE1_100_27_1_control_S3T12/img359.png,954.6096393330196,106.21739178151932,849.9822423428901,122.02440859297775,939.5553376078211,116.00268790289834,803.3139069947748,117.50811807541822,723.5261078512228,116.75540298915826,727.2896832825224,69.33435255478304
labeled-data/G6AE1_100_27_1_control_S3T12/img360.png,,,,,,,,,,,,
labeled-data/G6AE1_100_27_1_control_S3T12/img361.png,,,,,,,,,,,,
labeled-data/G6AE1_100_27_1_control_S3T12/img362.png,,,,,,,,,,,,
labeled-data/G6AE1_100_27_1_control_S3T12/img363.png,968.2715099538227,109.64876446649603,850.6133549036571,116.6881412643692,939.108377505491,122.21908017698382,821.4502224553254,120.20782966330577,727.9270735692962,113.6712654938521,734.9664503671695,68.41812893609608
labeled-data/G6AE1_100_27_1_control_S3T12/img364.png,,,,,,,,,,,,
labeled-data/G6AE1_100_27_1_control_S3T12/img365.png,,,,,,,,,,,,
labeled-data/G6AE1_100_27_1_control_S3T12/img366.png,,,,,,,,,,,,
labeled-data/G6AE1_100_27_1_control_S3T12/img367.png,,,,,,,,,,,,
labeled-data/G6AE1_100_27_1_control_S3T12/img368.png,981.8474509211495,112.16282760859357,873.239923182535,113.6712654938521,940.1140027623301,122.72189280540331,819.4389719416474,121.21345492014478,728.9326988261353,111.66001498017408,743.5142650503012,68.41812893609608
labeled-data/G6AE1_100_27_1_control_S3T12/img369.png,,,,,,,,,,,,
labeled-data/G6AE1_100_27_1_control_S3T12/img370.png,,,,,,,,,,,,
labeled-data/G6AE1_100_27_1_control_S3T12/img371.png,,,,,,,,,,,,
labeled-data/G6AE1_100_27_1_control_S3T12/img372.png,,,,,,,,,,,,
labeled-data/G6AE1_100_27_1_control_S3T12/img373.png,990.9821141951239,112.82803406808407,898.6910283064478,112.82803406808407,940.222016956352,124.10805567670002,824.858159595507,122.05714265695167,745.3852800802583,103.08619722427937,755.127116924063,65.65703461387187
labeled-data/G6AE1_100_27_1_control_S3T12/img374.png,,,,,,,,,,,,
labeled-data/G6AE1_100_27_1_control_S3T12/img375.png,,,,,,,,,,,,
labeled-data/G6AE1_100_27_1_control_S3T12/img376.png,,,,,,,,,,,,
labeled-data/G6AE1_100_27_1_control_S3T12/img377.png,,,,,,,,,,,,
labeled-data/G6AE1_100_27_1_control_S3T12/img378.png,1003.287592313614,113.34076232302115,926.8910823279878,116.92986010758077,942.2729299761004,123.08259916682584,825.3708878504442,124.10805567670002,773.5853341017983,102.0607407144052,764.3562255129306,68.7334041434944
labeled-data/G6AE1_100_27_1_control_S3T12/img379.png,,,,,,,,,,,,
labeled-data/G6AE1_100_27_1_control_S3T12/img380.png,,,,,,,,,,,,
labeled-data/G6AE1_100_27_1_control_S3T12/img381.png,,,,,,,,,,,,
labeled-data/G6AE1_100_27_1_control_S3T12/img382.png,,,,,,,,,,,,
labeled-data/G6AE1_100_27_1_control_S3T12/img383.png,1016.1057986870412,112.31530581314698,960.7311471538356,107.70075151871316,943.2983864859746,124.6207839316371,824.858159595507,122.05714265695167,808.9635836924574,100.00982769465685,778.1998883962319,69.75886065336857
labeled-data/G6AE1_100_27_1_control_S3T12/img384.png,,,,,,,,,,,,
labeled-data/G6AE1_100_27_1_control_S3T12/img385.png,,,,,,,,,,,,
labeled-data/G6AE1_100_27_1_control_S3T12/img386.png,,,,,,,,,,,,
labeled-data/G6AE1_100_27_1_control_S3T12/img387.png,,,,,,,,,,,,
labeled-data/G6AE1_100_27_1_control_S3T12/img388.png,1022.2585377462864,109.23893628352442,978.6766360766337,107.18802326377607,942.7856582310376,123.59532742176293,823.3199748306959,123.08259916682584,824.858159595507,101.03528420453102,791.0180947696592,75.91159971261368
labeled-data/G6AE1_100_27_1_control_S3T12/img389.png,,,,,,,,,,,,
labeled-data/G6AE1_100_27_1_control_S3T12/img390.png,,,,,,,,,,,,
labeled-data/G6AE1_100_27_1_control_S3T12/img391.png,,,,,,,,,,,,
labeled-data/G6AE1_100_27_1_control_S3T12/img392.png,,,,,,,,,,,,
labeled-data/G6AE1_100_27_1_control_S3T12/img393.png,,,,,,,,,,,,
labeled-data/G6AE1_100_27_1_control_S3T12/img394.png,1032.5131028450282,106.1625667539019,1000.2112227839915,108.21347977365025,945.8620277606601,123.59532742176293,824.858159595507,122.05714265695167,848.9563875775502,102.57346896934229,800.7599316134639,74.8861432027395
labeled-data/G6AE1_100_27_1_control_S3T12/img395.png,,,,,,,,,,,,
labeled-data/G6AE1_100_27_1_control_S3T12/img396.png,,,,,,,,,,,,
labeled-data/G6AE1_100_27_1_control_S3T12/img397.png,,,,,,,,,,,,
labeled-data/G6AE1_100_27_1_control_S3T12/img398.png,1044.3237890579628,104.05665001742352,1014.8179231037288,111.08185619700305,944.5658613079338,122.32218608433027,827.947438726914,122.32218608433027,877.1238819839705,113.89193866883488,812.4919851318391,75.95582529910553
labeled-data/G6AE1_100_27_1_control_S3T12/img399.png,,,,,,,,,,,,
labeled-data/G6AE1_100_27_1_control_S3T12/img400.png,,,,,,,,,,,,
labeled-data/G6AE1_100_27_1_control_S3T12/img401.png,,,,,,,,,,,,
labeled-data/G6AE1_100_27_1_control_S3T12/img402.png,1052.7540364734582,105.4616912533395,1016.2229643396449,112.48689743291902,943.1608200720179,123.72722732024624,829.3524799628299,120.91714484841441,884.14908816355,112.48689743291902,818.1121500755025,74.55078406318967
labeled-data/G6AE1_100_27_1_control_S3T12/img403.png,,,,,,,,,,,,
labeled-data/G6AE1_100_27_1_control_S3T12/img404.png,,,,,,,,,,,,
labeled-data/G6AE1_100_27_1_control_S3T12/img405.png,,,,,,,,,,,,
labeled-data/G6AE1_100_27_1_control_S3T12/img406.png,1061.1842838889538,106.86673248925536,1034.4885004065516,118.10706237658258,944.5658613079338,120.91714484841441,919.2751190614476,113.89193866883488,832.1625624346616,119.51210361249855,832.1625624346616,77.36086653502139
labeled-data/G6AE1_100_27_1_control_S3T12/img407.png,,,,,,,,,,,,
labeled-data/G6AE1_100_27_1_control_S3T12/img408.png,,,,,,,,,,,,
labeled-data/G6AE1_100_27_1_control_S3T12/img409.png,,,,,,,,,,,,
labeled-data/G6AE1_100_27_1_control_S3T12/img410.png,1065.3994075967014,105.4616912533395,1031.6784179347198,122.32218608433027,955.8061911952611,116.70202114066672,926.3003252410272,120.91714484841441,833.5676036705775,116.70202114066672,841.9978510860731,74.55078406318967
labeled-data/G6AE1_100_27_1_control_S3T12/img411.png,,,,,,,,,,,,
labeled-data/G6AE1_100_27_1_control_S3T12/img412.png,,,,,,,,,,,,
labeled-data/G6AE1_100_27_1_control_S3T12/img413.png,,,,,,,,,,,,
labeled-data/G6AE1_100_27_1_control_S3T12/img414.png,1080.8548611917763,108.27177372517133,1038.7036241142994,125.1322685561621,976.8818097339995,113.89193866883488,924.8952840051113,123.72722732024624,832.1625624346616,116.70202114066672,849.0230572656526,73.1457428272737
labeled-data/G6AE1_100_27_1_control_S3T12/img415.png,,,,,,,,,,,,
labeled-data/G6AE1_100_27_1_control_S3T12/img416.png,,,,,,,,,,,,
labeled-data/G6AE1_100_27_1_control_S3T12/img417.png,,,,,,,,,,,,
labeled-data/G6AE1_100_27_1_control_S3T12/img418.png,1086.47502613544,111.08185619700305,1038.7036241142994,126.53730979207796,999.3624695086539,113.89193866883488,922.0852015332794,123.72722732024624,841.9978510860731,109.67681496108719,854.643222209316,67.52557788361014
labeled-data/G6AE1_100_27_1_control_S3T12/img419.png,,,,,,,,,,,,
labeled-data/G6AE1_100_27_1_control_S3T12/img420.png,,,,,,,,,,,,
labeled-data/G6AE1_100_27_1_control_S3T12/img421.png,,,,,,,,,,,,
labeled-data/G6AE1_100_27_1_control_S3T12/img422.png,1094.9052735509354,109.67681496108719,1038.7036241142994,123.72722732024624,1028.868335462888,109.67681496108719,926.3003252410272,123.72722732024624,868.6936345684751,98.43648507375997,861.6684283888956,71.74070159135783
labeled-data/G6AE1_100_27_1_control_S3T12/img423.png,,,,,,,,,,,,
labeled-data/G6AE1_100_27_1_control_S3T12/img424.png,,,,,,,,,,,,
labeled-data/G6AE1_100_27_1_control_S3T12/img425.png,,,,,,,,,,,,
labeled-data/G6AE1_100_27_1_control_S3T12/img426.png,,,,,,,,,,,,
labeled-data/G6AE1_100_27_1_control_S3T12/img427.png,1106.1456034382625,108.27177372517133,1038.7036241142994,123.72722732024624,1051.3489952375423,108.27177372517133,929.1104077128589,120.91714484841441,892.5793355790454,99.84152630967583,872.9087582762229,71.74070159135783
labeled-data/G6AE1_100_27_1_control_S3T12/img428.png,,,,,,,,,,,,
labeled-data/G6AE1_100_27_1_control_S3T12/img429.png,,,,,,,,,,,,
labeled-data/G6AE1_100_27_1_control_S3T12/img430.png,,,,,,,,,,,,
labeled-data/G6AE1_100_27_1_control_S3T12/img431.png,,,,,,,,,,,,
labeled-data/G6AE1_100_27_1_control_S3T12/img432.png,1113.170809617842,105.4616912533395,1041.513706586131,122.32218608433027,1066.8044488326173,104.05665001742352,929.1104077128589,125.1322685561621,901.0095829945408,94.22136136601227,882.7440469276341,71.74070159135783
labeled-data/G6AE1_100_27_1_control_S3T12/img433.png,,,,,,,,,,,,
labeled-data/G6AE1_100_27_1_control_S3T12/img434.png,,,,,,,,,,,,
labeled-data/G6AE1_100_27_1_control_S3T12/img435.png,,,,,,,,,,,,
labeled-data/G6AE1_100_27_1_control_S3T12/img436.png,,,,,,,,,,,,
labeled-data/G6AE1_100_27_1_control_S3T12/img437.png,1124.4111395051693,105.4616912533395,1035.8935416424674,122.32218608433027,1080.8548611917763,105.4616912533395,923.4902427691952,123.72722732024624,931.9204901846906,106.86673248925536,888.3642118712978,70.33566035544197
labeled-data/G6AE1_100_27_1_control_S3T12/img438.png,,,,,,,,,,,,
labeled-data/G6AE1_100_27_1_control_S3T12/img439.png,,,,,,,,,,,,
labeled-data/G6AE1_100_27_1_control_S3T12/img440.png,,,,,,,,,,,,
labeled-data/G6AE1_100_27_1_control_S3T12/img441.png,,,,,,,,,,,,
labeled-data/G6AE1_100_27_1_control_S3T12/img442.png,1128.626263212917,108.27177372517133,1035.8935416424674,120.91714484841441,1099.1203972586832,108.27177372517133,947.3759437797657,106.86673248925536,929.1104077128589,120.91714484841441,899.6045417586249,75.95582529910553
labeled-data/G6AE1_100_27_1_control_S3T12/img443.png,,,,,,,,,,,,
labeled-data/G6AE1_100_27_1_control_S3T12/img444.png,,,,,,,,,,,,
labeled-data/G6AE1_100_27_1_control_S3T12/img445.png,,,,,,,,,,,,
labeled-data/G6AE1_100_27_1_control_S3T12/img446.png,,,,,,,,,,,,
labeled-data/G6AE1_100_27_1_control_S3T12/img447.png,1142.676675572076,104.05665001742352,1034.4885004065516,119.51210361249855,1118.7909745615057,112.48689743291902,983.907015913579,113.89193866883488,923.4902427691952,118.10706237658258,913.654954117784,77.36086653502139
labeled-data/G6AE1_100_27_1_control_S3T12/img448.png,,,,,,,,,,,,
labeled-data/G6AE1_100_27_1_control_S3T12/img449.png,,,,,,,,,,,,
labeled-data/G6AE1_100_27_1_control_S3T12/img450.png,,,,,,,,,,,,
labeled-data/G6AE1_100_27_1_control_S3T12/img451.png,,,,,,,,,,,,
labeled-data/G6AE1_100_27_1_control_S3T12/img452.png,1149.7018817516555,105.4616912533395,1042.918747822047,118.10706237658258,1132.8413869206647,119.51210361249855,1004.9826344523176,118.10706237658258,933.3255314206067,113.89193866883488,924.8952840051113,74.55078406318967
labeled-data/G6AE1_100_27_1_control_S3T12/img453.png,,,,,,,,,,,,
labeled-data/G6AE1_100_27_1_control_S3T12/img454.png,,,,,,,,,,,,
labeled-data/G6AE1_100_27_1_control_S3T12/img455.png,,,,,,,,,,,,
labeled-data/G6AE1_100_27_1_control_S3T12/img456.png,,,,,,,,,,,,
labeled-data/G6AE1_100_27_1_control_S3T12/img457.png,1155.3220466953192,102.65160878150766,1044.3237890579628,116.70202114066672,1131.4363456847489,120.91714484841441,1010.6027993959813,120.91714484841441,931.9204901846906,116.70202114066672,933.3255314206067,75.95582529910553
labeled-data/G6AE1_100_27_1_control_S3T12/img458.png,,,,,,,,,,,,
labeled-data/G6AE1_100_27_1_control_S3T12/img459.png,,,,,,,,,,,,
labeled-data/G6AE1_100_27_1_control_S3T12/img460.png,,,,,,,,,,,,
labeled-data/G6AE1_100_27_1_control_S3T12/img461.png,,,,,,,,,,,,
labeled-data/G6AE1_100_27_1_control_S3T12/img462.png,1166.5623765826463,109.67681496108719,1068.2094900685331,112.48689743291902,1131.4363456847489,122.32218608433027,1014.8179231037288,122.32218608433027,933.3255314206067,111.08185619700305,943.1608200720179,71.74070159135783
labeled-data/G6AE1_100_27_1_control_S3T12/img463.png,,,,,,,,,,,,
labeled-data/G6AE1_100_27_1_control_S3T12/img464.png,,,,,,,,,,,,
labeled-data/G6AE1_100_27_1_control_S3T12/img465.png,,,,,,,,,,,,
labeled-data/G6AE1_100_27_1_control_S3T12/img466.png,,,,,,,,,,,,
labeled-data/G6AE1_100_27_1_control_S3T12/img467.png,1174.9926239981419,108.27177372517133,1100.525438494599,112.48689743291902,1132.8413869206647,126.53730979207796,1016.2229643396449,122.32218608433027,943.1608200720179,106.86673248925536,951.5910674875133,71.74070159135783
labeled-data/G6AE1_100_27_1_control_S3T12/img468.png,,,,,,,,,,,,
labeled-data/G6AE1_100_27_1_control_S3T12/img469.png,,,,,,,,,,,,
labeled-data/G6AE1_100_27_1_control_S3T12/img470.png,,,,,,,,,,,,
labeled-data/G6AE1_100_27_1_control_S3T12/img471.png,,,,,,,,,,,,
labeled-data/G6AE1_100_27_1_control_S3T12/img472.png,1184.8279126495531,108.27177372517133,1127.221221977001,109.67681496108719,1135.6514693924964,125.1322685561621,1014.8179231037288,125.1322685561621,967.0465210825882,99.84152630967583,957.211232431177,74.55078406318967
labeled-data/G6AE1_100_27_1_control_S3T12/img473.png,,,,,,,,,,,,
labeled-data/G6AE1_100_27_1_control_S3T12/img474.png,,,,,,,,,,,,
labeled-data/G6AE1_100_27_1_control_S3T12/img475.png,,,,,,,,,,,,
labeled-data/G6AE1_100_27_1_control_S3T12/img476.png,,,,,,,,,,,,
labeled-data/G6AE1_100_27_1_control_S3T12/img477.png,1204.4984899523756,112.48689743291902,1146.8917992798238,104.05665001742352,1135.6514693924964,120.91714484841441,1016.2229643396449,127.94235102799394,995.1473458009064,97.03144383784411,972.6666860262519,80.17094900685322
labeled-data/G6AE1_100_27_1_control_S3T12/img478.png,,,,,,,,,,,,
labeled-data/G6AE1_100_27_1_control_S3T12/img479.png,,,,,,,,,,,,
labeled-data/G6AE1_100_27_1_control_S3T12/img480.png,,,,,,,,,,,,
labeled-data/G6AE1_100_27_1_control_S3T12/img481.png,,,,,,,,,,,,
labeled-data/G6AE1_100_27_1_control_S3T12/img482.png,1212.9287373678712,109.67681496108719,1163.7522941108145,106.86673248925536,1134.2464281565806,123.72722732024624,1023.2481705192245,122.32218608433027,1014.8179231037288,101.2465675455918,981.0969334417473,78.76590777093736
labeled-data/G6AE1_100_27_1_control_S3T12/img483.png,,,,,,,,,,,,
labeled-data/G6AE1_100_27_1_control_S3T12/img484.png,,,,,,,,,,,,
labeled-data/G6AE1_100_27_1_control_S3T12/img485.png,,,,,,,,,,,,
labeled-data/G6AE1_100_27_1_control_S3T12/img486.png,,,,,,,,,,,,
labeled-data/G6AE1_100_27_1_control_S3T12/img487.png,1215.738819839703,106.86673248925536,1172.18254152631,111.08185619700305,1139.8665931002442,123.72722732024624,1017.6280055755608,123.72722732024624,1028.868335462888,104.05665001742352,989.5271808572427,77.36086653502139
labeled-data/G6AE1_100_27_1_control_S3T12/img488.png,,,,,,,,,,,,
labeled-data/G6AE1_100_27_1_control_S3T12/img489.png,,,,,,,,,,,,
labeled-data/G6AE1_100_27_1_control_S3T12/img490.png,,,,,,,,,,,,
labeled-data/G6AE1_100_27_1_control_S3T12/img491.png,,,,,,,,,,,,
labeled-data/G6AE1_100_27_1_control_S3T12/img492.png,1218.5489023115347,108.27177372517133,1189.0430363573007,106.86673248925536,1141.27163433616,122.32218608433027,1014.8179231037288,120.91714484841441,1048.5389127657106,108.27177372517133,993.7423045649905,78.76590777093736
labeled-data/G6AE1_100_27_1_control_S3T12/img493.png,,,,,,,,,,,,
labeled-data/G6AE1_100_27_1_control_S3T12/img494.png,,,,,,,,,,,,
labeled-data/G6AE1_100_27_1_control_S3T12/img495.png,,,,,,,,,,,,
labeled-data/G6AE1_100_27_1_control_S3T12/img496.png,,,,,,,,,,,,
labeled-data/G6AE1_100_27_1_control_S3T12/img497.png,1243.839644558021,108.27177372517133,1207.3085724242076,112.48689743291902,1134.2464281565806,123.72722732024624,1019.0330468114767,118.10706237658258,1071.019572540365,112.48689743291902,1013.412881867813,78.76590777093736
labeled-data/G6AE1_100_27_1_control_S3T12/img498.png,,,,,,,,,,,,
labeled-data/G6AE1_100_27_1_control_S3T12/img499.png,,,,,,,,,,,,
